Nome,Email,Telefone
Lino Feil,lorenzo@stiedemann.example,811-596-6729
Spencer Kling,reynaldo@bernhard-marvin.example,583-603-6201
Gov. Bryon Schaefer,aron@adams.test,322-996-5926
Belle Lindgren,samella_morar@baumbach-runte.test,721.977.4282
Flo Nitzsche,shawn@okuneva.example,(457) 949 4397
Deeann Bosco,augustus@marquardt.test,(539) 733-0085
Renay Price,lahoma.champlin@oberbrunner.test,8117936591
Federico D'Amore I,rita_parisian@welch-reichel.test,199.033.5187
Vashti Aufderhar,pandora@stanton-hills.test,950.954.7741
Monika D'Amore,jonathan.corkery@wintheiser.example,608 740 2459
Delora Pollich,norman_bode@beatty-considine.example,559-524-9703
Dannielle Nienow,roslyn@weissnat.example,535 658 7231
Gov. Johnette Schowalter,shala@pagac.example,(551) 474 2958
Devora Trantow,vania@durgan-kohler.test,826-162-9557
Derek Hilll,jodi_satterfield@jenkins.example,4456964177
Valene Morar,harris.senger@monahan.example,(650) 545-1416
Rolland Osinski,vella@howell.test,910-419-9428
Linwood Kovacek V,jamison.doyle@wiza.test,878-040-8533
Elease Harber,cody@lemke.example,700-023-4699
Elisha Ritchie Esq.,kiera.ziemann@armstrong.example,758.060.9244
